[{"pk": 1, "model": "sites.site", "fields": {"domain": "example.com", "name": "example.com"}}, {"pk": 1, "model": "contenttypes.contenttype", "fields": {"model": "logentry", "name": "log entry", "app_label": "admin"}}, {"pk": 2, "model": "contenttypes.contenttype", "fields": {"model": "site", "name": "site", "app_label": "sites"}}, {"pk": 3, "model": "contenttypes.contenttype", "fields": {"model": "permission", "name": "permission", "app_label": "auth"}}, {"pk": 4, "model": "contenttypes.contenttype", "fields": {"model": "group", "name": "group", "app_label": "auth"}}, {"pk": 5, "model": "contenttypes.contenttype", "fields": {"model": "user", "name": "user", "app_label": "auth"}}, {"pk": 6, "model": "contenttypes.contenttype", "fields": {"model": "contenttype", "name": "content type", "app_label": "contenttypes"}}, {"pk": 7, "model": "contenttypes.contenttype", "fields": {"model": "session", "name": "session", "app_label": "sessions"}}, {"pk": 8, "model": "contenttypes.contenttype", "fields": {"model": "placeholder", "name": "placeholder", "app_label": "cms"}}, {"pk": 9, "model": "contenttypes.contenttype", "fields": {"model": "cmsplugin", "name": "cms plugin", "app_label": "cms"}}, {"pk": 10, "model": "contenttypes.contenttype", "fields": {"model": "page", "name": "page", "app_label": "cms"}}, {"pk": 11, "model": "contenttypes.contenttype", "fields": {"model": "pagemoderatorstate", "name": "Page moderator state", "app_label": "cms"}}, {"pk": 12, "model": "contenttypes.contenttype", "fields": {"model": "globalpagepermission", "name": "Page global permission", "app_label": "cms"}}, {"pk": 13, "model": "contenttypes.contenttype", "fields": {"model": "pagepermission", "name": "Page permission", "app_label": "cms"}}, {"pk": 14, "model": "contenttypes.contenttype", "fields": {"model": "pageuser", "name": "User (page)", "app_label": "cms"}}, {"pk": 15, "model": "contenttypes.contenttype", "fields": {"model": "pageusergroup", "name": "User group (page)", "app_label": "cms"}}, {"pk": 16, "model": "contenttypes.contenttype", "fields": {"model": "title", "name": "title", "app_label": "cms"}}, {"pk": 17, "model": "contenttypes.contenttype", "fields": {"model": "cachekey", "name": "cache key", "app_label": "menus"}}, {"pk": 18, "model": "contenttypes.contenttype", "fields": {"model": "migrationhistory", "name": "migration history", "app_label": "south"}}, {"pk": 19, "model": "contenttypes.contenttype", "fields": {"model": "source", "name": "source", "app_label": "easy_thumbnails"}}, {"pk": 20, "model": "contenttypes.contenttype", "fields": {"model": "thumbnail", "name": "thumbnail", "app_label": "easy_thumbnails"}}, {"pk": 21, "model": "contenttypes.contenttype", "fields": {"model": "thumbnaildimensions", "name": "thumbnail dimensions", "app_label": "easy_thumbnails"}}, {"pk": 22, "model": "contenttypes.contenttype", "fields": {"model": "flash", "name": "flash", "app_label": "flash"}}, {"pk": 23, "model": "contenttypes.contenttype", "fields": {"model": "googlemap", "name": "google map", "app_label": "googlemap"}}, {"pk": 24, "model": "contenttypes.contenttype", "fields": {"model": "link", "name": "link", "app_label": "link"}}, {"pk": 25, "model": "contenttypes.contenttype", "fields": {"model": "snippet", "name": "Snippet", "app_label": "snippet"}}, {"pk": 26, "model": "contenttypes.contenttype", "fields": {"model": "snippetptr", "name": "Snippet", "app_label": "snippet"}}, {"pk": 27, "model": "contenttypes.contenttype", "fields": {"model": "text", "name": "text", "app_label": "text"}}, {"pk": 28, "model": "contenttypes.contenttype", "fields": {"model": "twitterrecententries", "name": "twitter recent entries", "app_label": "twitter"}}, {"pk": 29, "model": "contenttypes.contenttype", "fields": {"model": "twittersearch", "name": "twitter search", "app_label": "twitter"}}, {"pk": 30, "model": "contenttypes.contenttype", "fields": {"model": "folder", "name": "Folder", "app_label": "filer"}}, {"pk": 31, "model": "contenttypes.contenttype", "fields": {"model": "folderpermission", "name": "folder permission", "app_label": "filer"}}, {"pk": 32, "model": "contenttypes.contenttype", "fields": {"model": "file", "name": "file", "app_label": "filer"}}, {"pk": 33, "model": "contenttypes.contenttype", "fields": {"model": "clipboard", "name": "clipboard", "app_label": "filer"}}, {"pk": 34, "model": "contenttypes.contenttype", "fields": {"model": "clipboarditem", "name": "clipboard item", "app_label": "filer"}}, {"pk": 35, "model": "contenttypes.contenttype", "fields": {"model": "image", "name": "image", "app_label": "filer"}}, {"pk": 36, "model": "contenttypes.contenttype", "fields": {"model": "filerfile", "name": "filer file", "app_label": "cmsplugin_filer_file"}}, {"pk": 37, "model": "contenttypes.contenttype", "fields": {"model": "filerfolder", "name": "filer folder", "app_label": "cmsplugin_filer_folder"}}, {"pk": 38, "model": "contenttypes.contenttype", "fields": {"model": "filerimage", "name": "filer image", "app_label": "cmsplugin_filer_image"}}, {"pk": 39, "model": "contenttypes.contenttype", "fields": {"model": "thumbnailoption", "name": "thumbnail option", "app_label": "cmsplugin_filer_image"}}, {"pk": 40, "model": "contenttypes.contenttype", "fields": {"model": "filerteaser", "name": "filer teaser", "app_label": "cmsplugin_filer_teaser"}}, {"pk": 41, "model": "contenttypes.contenttype", "fields": {"model": "filervideo", "name": "filer video", "app_label": "cmsplugin_filer_video"}}, {"pk": 42, "model": "contenttypes.contenttype", "fields": {"model": "carouselplugin", "name": "carousel plugin", "app_label": "cmsplugin_carousel"}}, {"pk": 43, "model": "contenttypes.contenttype", "fields": {"model": "carouselpicture", "name": "carousel picture", "app_label": "cmsplugin_carousel"}}, {"pk": "pjjagn5vas3am6b01hq3by3saatrl78f", "model": "sessions.session", "fields": {"expire_date": "2014-06-24T13:04:10.876Z", "session_data": "ZWNjYThhM2ZiOTMwZTNiM2YxOTZjNTA0ZGQ5MzBkNGUxMTgyYjdiODqAAn1xAShVDmNtc19hZG1pbl9zaXRlSwFVEl9hdXRoX3VzZXJfYmFja2VuZFUpZGphbmdvLmNvbnRyaWIuYXV0aC5iYWNrZW5kcy5Nb2RlbEJhY2tlbmRVDV9hdXRoX3VzZXJfaWRLAVUJX21lc3NhZ2VzVCMCAABbWyJfX2pzb25fbWVzc2FnZSIsMCwyMCwiVGhlIHBhZ2UgXCJDYXJvdXNlbCBleGFtcGxlXCIgd2FzIGFkZGVkIHN1Y2Nlc3NmdWxseS4iXSxbIl9fanNvbl9tZXNzYWdlIiwwLDIwLCJUaGUgaW1hZ2UgXCJpbWFnZTIuanBnXCIgd2FzIGNoYW5nZWQgc3VjY2Vzc2Z1bGx5LiJdLFsiX19qc29uX21lc3NhZ2UiLDAsMjAsIlRoZSBmaWxlIFwiaW1hZ2UzLmpwZ1wiIHdhcyBkZWxldGVkIHN1Y2Nlc3NmdWxseS4iXSxbIl9fanNvbl9tZXNzYWdlIiwwLDIwLCJUaGUgY2Fyb3VzZWwgcGx1Z2luIFwiMVwiIHdhcyBhZGRlZCBzdWNjZXNzZnVsbHkuIFlvdSBtYXkgZWRpdCBpdCBhZ2FpbiBiZWxvdy4iXSxbIl9fanNvbl9tZXNzYWdlIiwwLDIwLCJUaGUgY2Fyb3VzZWwgcGx1Z2luIFwiTWFpbiBQYWdlIENhcm91c2VsXCIgd2FzIGNoYW5nZWQgc3VjY2Vzc2Z1bGx5LiBZb3UgbWF5IGVkaXQgaXQgYWdhaW4gYmVsb3cuIl0sWyJfX2pzb25fbWVzc2FnZSIsMCwyMCwiVGhlIHBhZ2UgXCJDYXJvdXNlbCBleGFtcGxlXCIgd2FzIHN1Y2Nlc3NmdWxseSBwdWJsaXNoZWQuIl1dVRRmaWxlcl9sYXN0X2ZvbGRlcl9pZE51Lg=="}}, {"pk": 1, "model": "cms.placeholder", "fields": {"slot": "carousel", "default_width": null}}, {"pk": 2, "model": "cms.placeholder", "fields": {"slot": "carousel", "default_width": null}}, {"pk": 1, "model": "cms.cmsplugin", "fields": {"rght": 2, "changed_date": "2014-06-10T13:04:07.312Z", "parent": null, "language": "en", "level": 0, "creation_date": "2014-06-10T12:59:16.107Z", "lft": 1, "tree_id": 1, "position": 0, "placeholder": 1, "plugin_type": "CMSCarouselPlugin"}}, {"pk": 2, "model": "cms.cmsplugin", "fields": {"rght": 2, "changed_date": "2014-06-10T13:04:10.450Z", "parent": null, "language": "en", "level": 0, "creation_date": "2014-06-10T12:59:16.107Z", "lft": 1, "tree_id": 2, "position": 0, "placeholder": 2, "plugin_type": "CMSCarouselPlugin"}}, {"pk": 1, "model": "cms.page", "fields": {"rght": 2, "navigation_extenders": "", "site": 1, "creation_date": "2014-06-10T12:59:08.646Z", "lft": 1, "in_navigation": false, "reverse_id": null, "login_required": false, "created_by": "admin", "publication_end_date": null, "template": "home.html", "tree_id": 1, "placeholders": [1], "changed_date": "2014-06-10T13:04:10.468Z", "limit_visibility_in_menu": null, "parent": null, "publisher_state": 0, "soft_root": false, "publication_date": "2014-06-10T13:04:05.464Z", "publisher_public": 2, "level": 0, "changed_by": "admin", "publisher_is_draft": true, "published": true}}, {"pk": 2, "model": "cms.page", "fields": {"rght": 2, "navigation_extenders": "", "site": 1, "creation_date": "2014-06-10T13:04:10.416Z", "lft": 1, "in_navigation": false, "reverse_id": null, "login_required": false, "created_by": "admin", "publication_end_date": null, "template": "home.html", "tree_id": 2, "placeholders": [2], "changed_date": "2014-06-10T13:04:10.416Z", "limit_visibility_in_menu": null, "parent": null, "publisher_state": 0, "soft_root": false, "publication_date": "2014-06-10T13:04:05.411Z", "publisher_public": 1, "level": 0, "changed_by": "admin", "publisher_is_draft": false, "published": true}}, {"pk": 1, "model": "cms.title", "fields": {"menu_title": null, "redirect": null, "meta_keywords": null, "page_title": null, "language": "en", "title": "Carousel example", "has_url_overwrite": false, "application_urls": null, "creation_date": "2014-06-10T12:59:08.659Z", "page": 1, "path": "", "meta_description": null, "slug": "carousel-example"}}, {"pk": 2, "model": "cms.title", "fields": {"menu_title": null, "redirect": null, "meta_keywords": null, "page_title": null, "language": "en", "title": "Carousel example", "has_url_overwrite": false, "application_urls": null, "creation_date": "2014-06-10T12:59:08.659Z", "page": 2, "path": "", "meta_description": null, "slug": "carousel-example"}}, {"pk": 1, "model": "south.migrationhistory", "fields": {"applied": "2014-06-10T12:58:23.552Z", "app_name": "cms", "migration": "0001_initial"}}, {"pk": 2, "model": "south.migrationhistory", "fields": {"applied": "2014-06-10T12:58:23.727Z", "app_name": "cms", "migration": "0002_auto_start"}}, {"pk": 3, "model": "south.migrationhistory", "fields": {"applied": "2014-06-10T12:58:23.860Z", "app_name": "cms", "migration": "0003_remove_placeholder"}}, {"pk": 4, "model": "south.migrationhistory", "fields": {"applied": "2014-06-10T12:58:23.978Z", "app_name": "cms", "migration": "0004_textobjects"}}, {"pk": 5, "model": "south.migrationhistory", "fields": {"applied": "2014-06-10T12:58:24.111Z", "app_name": "cms", "migration": "0005_mptt_added_to_plugins"}}, {"pk": 6, "model": "south.migrationhistory", "fields": {"applied": "2014-06-10T12:58:24.229Z", "app_name": "cms", "migration": "0006_apphook"}}, {"pk": 7, "model": "south.migrationhistory", "fields": {"applied": "2014-06-10T12:58:24.346Z", "app_name": "cms", "migration": "0007_apphook_longer"}}, {"pk": 8, "model": "south.migrationhistory", "fields": {"applied": "2014-06-10T12:58:24.463Z", "app_name": "cms", "migration": "0008_redirects"}}, {"pk": 9, "model": "south.migrationhistory", "fields": {"applied": "2014-06-10T12:58:24.580Z", "app_name": "cms", "migration": "0009_added_meta_fields"}}, {"pk": 10, "model": "south.migrationhistory", "fields": {"applied": "2014-06-10T12:58:24.707Z", "app_name": "cms", "migration": "0010_5char_language"}}, {"pk": 11, "model": "south.migrationhistory", "fields": {"applied": "2014-06-10T12:58:24.824Z", "app_name": "cms", "migration": "0011_title_overwrites"}}, {"pk": 12, "model": "south.migrationhistory", "fields": {"applied": "2014-06-10T12:58:24.949Z", "app_name": "cms", "migration": "0012_publisher"}}, {"pk": 13, "model": "south.migrationhistory", "fields": {"applied": "2014-06-10T12:58:25.066Z", "app_name": "cms", "migration": "0013_site_copy"}}, {"pk": 14, "model": "south.migrationhistory", "fields": {"applied": "2014-06-10T12:58:25.183Z", "app_name": "cms", "migration": "0014_sites_removed"}}, {"pk": 15, "model": "south.migrationhistory", "fields": {"applied": "2014-06-10T12:58:25.317Z", "app_name": "cms", "migration": "0015_modified_by_added"}}, {"pk": 16, "model": "south.migrationhistory", "fields": {"applied": "2014-06-10T12:58:25.451Z", "app_name": "cms", "migration": "0016_author_copy"}}, {"pk": 17, "model": "south.migrationhistory", "fields": {"applied": "2014-06-10T12:58:25.584Z", "app_name": "cms", "migration": "0017_author_removed"}}, {"pk": 18, "model": "south.migrationhistory", "fields": {"applied": "2014-06-10T12:58:25.701Z", "app_name": "cms", "migration": "0018_site_permissions"}}, {"pk": 19, "model": "south.migrationhistory", "fields": {"applied": "2014-06-10T12:58:25.819Z", "app_name": "cms", "migration": "0019_public_table_renames"}}, {"pk": 20, "model": "south.migrationhistory", "fields": {"applied": "2014-06-10T12:58:25.944Z", "app_name": "cms", "migration": "0020_advanced_permissions"}}, {"pk": 21, "model": "south.migrationhistory", "fields": {"applied": "2014-06-10T12:58:26.061Z", "app_name": "cms", "migration": "0021_publisher2"}}, {"pk": 22, "model": "south.migrationhistory", "fields": {"applied": "2014-06-10T12:58:26.178Z", "app_name": "cms", "migration": "0022_login_required_added"}}, {"pk": 23, "model": "south.migrationhistory", "fields": {"applied": "2014-06-10T12:58:26.296Z", "app_name": "cms", "migration": "0023_plugin_table_naming_function_changed"}}, {"pk": 24, "model": "south.migrationhistory", "fields": {"applied": "2014-06-10T12:58:26.412Z", "app_name": "cms", "migration": "0024_added_placeholder_model"}}, {"pk": 25, "model": "south.migrationhistory", "fields": {"applied": "2014-06-10T12:58:26.531Z", "app_name": "cms", "migration": "0025_placeholder_migration"}}, {"pk": 26, "model": "south.migrationhistory", "fields": {"applied": "2014-06-10T12:58:26.648Z", "app_name": "cms", "migration": "0026_finish_placeholder_migration"}}, {"pk": 27, "model": "south.migrationhistory", "fields": {"applied": "2014-06-10T12:58:26.790Z", "app_name": "cms", "migration": "0027_added_width_to_placeholder"}}, {"pk": 28, "model": "south.migrationhistory", "fields": {"applied": "2014-06-10T12:58:26.932Z", "app_name": "cms", "migration": "0028_limit_visibility_in_menu_step1of3"}}, {"pk": 29, "model": "south.migrationhistory", "fields": {"applied": "2014-06-10T12:58:27.057Z", "app_name": "cms", "migration": "0029_limit_visibility_in_menu_step2of3_data"}}, {"pk": 30, "model": "south.migrationhistory", "fields": {"applied": "2014-06-10T12:58:27.174Z", "app_name": "cms", "migration": "0030_limit_visibility_in_menu_step3of3"}}, {"pk": 31, "model": "south.migrationhistory", "fields": {"applied": "2014-06-10T12:58:27.291Z", "app_name": "cms", "migration": "0031_improved_language_code_support"}}, {"pk": 32, "model": "south.migrationhistory", "fields": {"applied": "2014-06-10T12:58:27.409Z", "app_name": "cms", "migration": "0032_auto__del_field_cmsplugin_publisher_public__del_field_cmsplugin_publis"}}, {"pk": 33, "model": "south.migrationhistory", "fields": {"applied": "2014-06-10T12:58:27.526Z", "app_name": "cms", "migration": "0033_auto__del_field_title_publisher_is_draft__del_field_title_publisher_st"}}, {"pk": 34, "model": "south.migrationhistory", "fields": {"applied": "2014-06-10T12:58:27.651Z", "app_name": "cms", "migration": "0034_auto__chg_field_title_language__chg_field_cmsplugin_language__add_fiel"}}, {"pk": 35, "model": "south.migrationhistory", "fields": {"applied": "2014-06-10T12:58:27.776Z", "app_name": "cms", "migration": "0035_auto__add_field_globalpagepermission_can_view__add_field_pagepermissio"}}, {"pk": 36, "model": "south.migrationhistory", "fields": {"applied": "2014-06-10T12:58:27.910Z", "app_name": "cms", "migration": "0036_auto__add_field_cmsplugin_changed_date"}}, {"pk": 37, "model": "south.migrationhistory", "fields": {"applied": "2014-06-10T12:58:28.044Z", "app_name": "cms", "migration": "0037_auto__del_pagemoderator__del_field_globalpagepermission_can_moderate__"}}, {"pk": 38, "model": "south.migrationhistory", "fields": {"applied": "2014-06-10T12:58:28.161Z", "app_name": "cms", "migration": "0038_publish_page_permission"}}, {"pk": 39, "model": "south.migrationhistory", "fields": {"applied": "2014-06-10T12:58:28.278Z", "app_name": "cms", "migration": "0039_auto__del_field_page_moderator_state"}}, {"pk": 40, "model": "south.migrationhistory", "fields": {"applied": "2014-06-10T12:58:28.455Z", "app_name": "menus", "migration": "0001_initial"}}, {"pk": 41, "model": "south.migrationhistory", "fields": {"applied": "2014-06-10T12:58:28.788Z", "app_name": "easy_thumbnails", "migration": "0001_initial"}}, {"pk": 42, "model": "south.migrationhistory", "fields": {"applied": "2014-06-10T12:58:28.947Z", "app_name": "easy_thumbnails", "migration": "0002_filename_indexes"}}, {"pk": 43, "model": "south.migrationhistory", "fields": {"applied": "2014-06-10T12:58:29.072Z", "app_name": "easy_thumbnails", "migration": "0003_auto__add_storagenew"}}, {"pk": 44, "model": "south.migrationhistory", "fields": {"applied": "2014-06-10T12:58:29.206Z", "app_name": "easy_thumbnails", "migration": "0004_auto__add_field_source_storage_new__add_field_thumbnail_storage_new"}}, {"pk": 45, "model": "south.migrationhistory", "fields": {"applied": "2014-06-10T12:58:29.348Z", "app_name": "easy_thumbnails", "migration": "0005_storage_fks_null"}}, {"pk": 46, "model": "south.migrationhistory", "fields": {"applied": "2014-06-10T12:58:29.465Z", "app_name": "easy_thumbnails", "migration": "0006_copy_storage"}}, {"pk": 47, "model": "south.migrationhistory", "fields": {"applied": "2014-06-10T12:58:29.582Z", "app_name": "easy_thumbnails", "migration": "0007_storagenew_fks_not_null"}}, {"pk": 48, "model": "south.migrationhistory", "fields": {"applied": "2014-06-10T12:58:29.691Z", "app_name": "easy_thumbnails", "migration": "0008_auto__del_field_source_storage__del_field_thumbnail_storage"}}, {"pk": 49, "model": "south.migrationhistory", "fields": {"applied": "2014-06-10T12:58:29.800Z", "app_name": "easy_thumbnails", "migration": "0009_auto__del_storage"}}, {"pk": 50, "model": "south.migrationhistory", "fields": {"applied": "2014-06-10T12:58:29.908Z", "app_name": "easy_thumbnails", "migration": "0010_rename_storage"}}, {"pk": 51, "model": "south.migrationhistory", "fields": {"applied": "2014-06-10T12:58:30.018Z", "app_name": "easy_thumbnails", "migration": "0011_auto__add_field_source_storage_hash__add_field_thumbnail_storage_hash"}}, {"pk": 52, "model": "south.migrationhistory", "fields": {"applied": "2014-06-10T12:58:30.143Z", "app_name": "easy_thumbnails", "migration": "0012_build_storage_hashes"}}, {"pk": 53, "model": "south.migrationhistory", "fields": {"applied": "2014-06-10T12:58:30.268Z", "app_name": "easy_thumbnails", "migration": "0013_auto__del_storage__del_field_source_storage__del_field_thumbnail_stora"}}, {"pk": 54, "model": "south.migrationhistory", "fields": {"applied": "2014-06-10T12:58:30.377Z", "app_name": "easy_thumbnails", "migration": "0014_auto__add_unique_source_name_storage_hash__add_unique_thumbnail_name_s"}}, {"pk": 55, "model": "south.migrationhistory", "fields": {"applied": "2014-06-10T12:58:30.502Z", "app_name": "easy_thumbnails", "migration": "0015_auto__del_unique_thumbnail_name_storage_hash__add_unique_thumbnail_sou"}}, {"pk": 56, "model": "south.migrationhistory", "fields": {"applied": "2014-06-10T12:58:30.637Z", "app_name": "easy_thumbnails", "migration": "0016_auto__add_thumbnaildimensions"}}, {"pk": 57, "model": "south.migrationhistory", "fields": {"applied": "2014-06-10T12:58:30.789Z", "app_name": "flash", "migration": "0001_initial"}}, {"pk": 58, "model": "south.migrationhistory", "fields": {"applied": "2014-06-10T12:58:30.913Z", "app_name": "flash", "migration": "0002_freeze"}}, {"pk": 59, "model": "south.migrationhistory", "fields": {"applied": "2014-06-10T12:58:31.038Z", "app_name": "flash", "migration": "0003_publisher"}}, {"pk": 60, "model": "south.migrationhistory", "fields": {"applied": "2014-06-10T12:58:31.164Z", "app_name": "flash", "migration": "0004_table_rename"}}, {"pk": 61, "model": "south.migrationhistory", "fields": {"applied": "2014-06-10T12:58:31.289Z", "app_name": "flash", "migration": "0005_publisher2"}}, {"pk": 62, "model": "south.migrationhistory", "fields": {"applied": "2014-06-10T12:58:31.442Z", "app_name": "googlemap", "migration": "0001_initial"}}, {"pk": 63, "model": "south.migrationhistory", "fields": {"applied": "2014-06-10T12:58:31.557Z", "app_name": "googlemap", "migration": "0002_table_rename"}}, {"pk": 64, "model": "south.migrationhistory", "fields": {"applied": "2014-06-10T12:58:31.657Z", "app_name": "googlemap", "migration": "0003_address_unified"}}, {"pk": 65, "model": "south.migrationhistory", "fields": {"applied": "2014-06-10T12:58:31.757Z", "app_name": "googlemap", "migration": "0004_copy_address"}}, {"pk": 66, "model": "south.migrationhistory", "fields": {"applied": "2014-06-10T12:58:31.858Z", "app_name": "googlemap", "migration": "0005_delete_street"}}, {"pk": 67, "model": "south.migrationhistory", "fields": {"applied": "2014-06-10T12:58:31.975Z", "app_name": "googlemap", "migration": "0006_publisher2"}}, {"pk": 68, "model": "south.migrationhistory", "fields": {"applied": "2014-06-10T12:58:32.075Z", "app_name": "googlemap", "migration": "0007_latlng"}}, {"pk": 69, "model": "south.migrationhistory", "fields": {"applied": "2014-06-10T12:58:32.209Z", "app_name": "googlemap", "migration": "0008_routeplaner"}}, {"pk": 70, "model": "south.migrationhistory", "fields": {"applied": "2014-06-10T12:58:32.334Z", "app_name": "googlemap", "migration": "0009_routeplaner_title"}}, {"pk": 71, "model": "south.migrationhistory", "fields": {"applied": "2014-06-10T12:58:32.460Z", "app_name": "googlemap", "migration": "0010_auto__chg_field_googlemap_content"}}, {"pk": 72, "model": "south.migrationhistory", "fields": {"applied": "2014-06-10T12:58:32.577Z", "app_name": "googlemap", "migration": "0011_remove_zoom_null_values"}}, {"pk": 73, "model": "south.migrationhistory", "fields": {"applied": "2014-06-10T12:58:32.703Z", "app_name": "googlemap", "migration": "0012_auto__add_field_googlemap_width__add_field_googlemap_height__chg_field"}}, {"pk": 74, "model": "south.migrationhistory", "fields": {"applied": "2014-06-10T12:58:32.851Z", "app_name": "link", "migration": "0001_initial"}}, {"pk": 75, "model": "south.migrationhistory", "fields": {"applied": "2014-06-10T12:58:32.954Z", "app_name": "link", "migration": "0002_link_rename"}}, {"pk": 76, "model": "south.migrationhistory", "fields": {"applied": "2014-06-10T12:58:33.063Z", "app_name": "link", "migration": "0003_page_link"}}, {"pk": 77, "model": "south.migrationhistory", "fields": {"applied": "2014-06-10T12:58:33.163Z", "app_name": "link", "migration": "0004_larger_link_names"}}, {"pk": 78, "model": "south.migrationhistory", "fields": {"applied": "2014-06-10T12:58:33.264Z", "app_name": "link", "migration": "0005_publisher"}}, {"pk": 79, "model": "south.migrationhistory", "fields": {"applied": "2014-06-10T12:58:33.364Z", "app_name": "link", "migration": "0006_table_rename"}}, {"pk": 80, "model": "south.migrationhistory", "fields": {"applied": "2014-06-10T12:58:33.464Z", "app_name": "link", "migration": "0007_publisher2"}}, {"pk": 81, "model": "south.migrationhistory", "fields": {"applied": "2014-06-10T12:58:33.573Z", "app_name": "link", "migration": "0008_mailto"}}, {"pk": 82, "model": "south.migrationhistory", "fields": {"applied": "2014-06-10T12:58:33.699Z", "app_name": "link", "migration": "0009_add_target"}}, {"pk": 83, "model": "south.migrationhistory", "fields": {"applied": "2014-06-10T12:58:33.938Z", "app_name": "snippet", "migration": "0001_initial"}}, {"pk": 84, "model": "south.migrationhistory", "fields": {"applied": "2014-06-10T12:58:34.049Z", "app_name": "snippet", "migration": "0002_publisher"}}, {"pk": 85, "model": "south.migrationhistory", "fields": {"applied": "2014-06-10T12:58:34.166Z", "app_name": "snippet", "migration": "0003_table_rename"}}, {"pk": 86, "model": "south.migrationhistory", "fields": {"applied": "2014-06-10T12:58:34.267Z", "app_name": "snippet", "migration": "0004_publisher2"}}, {"pk": 87, "model": "south.migrationhistory", "fields": {"applied": "2014-06-10T12:58:34.367Z", "app_name": "snippet", "migration": "0005_template_added"}}, {"pk": 88, "model": "south.migrationhistory", "fields": {"applied": "2014-06-10T12:58:34.522Z", "app_name": "text", "migration": "0001_initial"}}, {"pk": 89, "model": "south.migrationhistory", "fields": {"applied": "2014-06-10T12:58:34.652Z", "app_name": "text", "migration": "0002_freeze"}}, {"pk": 90, "model": "south.migrationhistory", "fields": {"applied": "2014-06-10T12:58:34.753Z", "app_name": "text", "migration": "0003_publisher"}}, {"pk": 91, "model": "south.migrationhistory", "fields": {"applied": "2014-06-10T12:58:34.853Z", "app_name": "text", "migration": "0004_table_rename"}}, {"pk": 92, "model": "south.migrationhistory", "fields": {"applied": "2014-06-10T12:58:34.970Z", "app_name": "text", "migration": "0005_publisher2"}}, {"pk": 93, "model": "south.migrationhistory", "fields": {"applied": "2014-06-10T12:58:35.071Z", "app_name": "text", "migration": "0006_2_1_4_upgrade"}}, {"pk": 94, "model": "south.migrationhistory", "fields": {"applied": "2014-06-10T12:58:35.233Z", "app_name": "twitter", "migration": "0001_initial"}}, {"pk": 95, "model": "south.migrationhistory", "fields": {"applied": "2014-06-10T12:58:35.363Z", "app_name": "twitter", "migration": "0002_auto__add_twittersearch"}}, {"pk": 96, "model": "south.migrationhistory", "fields": {"applied": "2014-06-10T12:58:35.591Z", "app_name": "filer", "migration": "0001_initial"}}, {"pk": 97, "model": "south.migrationhistory", "fields": {"applied": "2014-06-10T12:58:35.714Z", "app_name": "filer", "migration": "0002_rename_file_field"}}, {"pk": 98, "model": "south.migrationhistory", "fields": {"applied": "2014-06-10T12:58:35.823Z", "app_name": "filer", "migration": "0003_add_description_field"}}, {"pk": 99, "model": "south.migrationhistory", "fields": {"applied": "2014-06-10T12:58:35.923Z", "app_name": "filer", "migration": "0004_auto__del_field_file__file__add_field_file_file__add_field_file_is_pub"}}, {"pk": 100, "model": "south.migrationhistory", "fields": {"applied": "2014-06-10T12:58:36.024Z", "app_name": "filer", "migration": "0005_auto__add_field_file_sha1__chg_field_file_file"}}, {"pk": 101, "model": "south.migrationhistory", "fields": {"applied": "2014-06-10T12:58:36.141Z", "app_name": "filer", "migration": "0006_polymorphic__add_field_file_polymorphic_ctype"}}, {"pk": 102, "model": "south.migrationhistory", "fields": {"applied": "2014-06-10T12:58:36.266Z", "app_name": "filer", "migration": "0007_polymorphic__content_type_data"}}, {"pk": 103, "model": "south.migrationhistory", "fields": {"applied": "2014-06-10T12:58:36.383Z", "app_name": "filer", "migration": "0008_polymorphic__del_field_file__file_type_plugin_name"}}, {"pk": 104, "model": "south.migrationhistory", "fields": {"applied": "2014-06-10T12:58:36.483Z", "app_name": "filer", "migration": "0009_auto__add_field_folderpermission_can_edit_new__add_field_folderpermiss"}}, {"pk": 105, "model": "south.migrationhistory", "fields": {"applied": "2014-06-10T12:58:36.585Z", "app_name": "filer", "migration": "0010_folderpermissions"}}, {"pk": 106, "model": "south.migrationhistory", "fields": {"applied": "2014-06-10T12:58:36.685Z", "app_name": "filer", "migration": "0011_auto__del_field_folderpermission_can_add_children__del_field_folderper"}}, {"pk": 107, "model": "south.migrationhistory", "fields": {"applied": "2014-06-10T12:58:36.786Z", "app_name": "filer", "migration": "0012_renaming_folderpermissions"}}, {"pk": 108, "model": "south.migrationhistory", "fields": {"applied": "2014-06-10T12:58:36.886Z", "app_name": "filer", "migration": "0013_remove_null_file_name"}}, {"pk": 109, "model": "south.migrationhistory", "fields": {"applied": "2014-06-10T12:58:37.004Z", "app_name": "filer", "migration": "0014_auto__add_field_image_related_url__chg_field_file_name"}}, {"pk": 110, "model": "south.migrationhistory", "fields": {"applied": "2014-06-10T12:58:37.161Z", "app_name": "cmsplugin_filer_file", "migration": "0001_initial"}}, {"pk": 111, "model": "south.migrationhistory", "fields": {"applied": "2014-06-10T12:58:37.304Z", "app_name": "cmsplugin_filer_file", "migration": "0002_auto__add_field_filerfile_target_blank"}}, {"pk": 112, "model": "south.migrationhistory", "fields": {"applied": "2014-06-10T12:58:37.478Z", "app_name": "cmsplugin_filer_folder", "migration": "0001_initial"}}, {"pk": 113, "model": "south.migrationhistory", "fields": {"applied": "2014-06-10T12:58:37.724Z", "app_name": "cmsplugin_filer_image", "migration": "0001_initial"}}, {"pk": 114, "model": "south.migrationhistory", "fields": {"applied": "2014-06-10T12:58:37.822Z", "app_name": "cmsplugin_filer_image", "migration": "0002_auto__add_field_filerimage_image_url__chg_field_filerimage_image"}}, {"pk": 115, "model": "south.migrationhistory", "fields": {"applied": "2014-06-10T12:58:37.922Z", "app_name": "cmsplugin_filer_image", "migration": "0003_auto__add_thumbnailoption__add_field_filerimage_thumbnail_option"}}, {"pk": 116, "model": "south.migrationhistory", "fields": {"applied": "2014-06-10T12:58:38.022Z", "app_name": "cmsplugin_filer_image", "migration": "0004_auto__del_field_thumbnailoption_is_scaled__del_field_thumbnailoption_i"}}, {"pk": 117, "model": "south.migrationhistory", "fields": {"applied": "2014-06-10T12:58:38.139Z", "app_name": "cmsplugin_filer_image", "migration": "0005_rename_float_to_alignment"}}, {"pk": 118, "model": "south.migrationhistory", "fields": {"applied": "2014-06-10T12:58:38.240Z", "app_name": "cmsplugin_filer_image", "migration": "0006_auto__add_field_filerimage_original_link"}}, {"pk": 119, "model": "south.migrationhistory", "fields": {"applied": "2014-06-10T12:58:38.357Z", "app_name": "cmsplugin_filer_image", "migration": "0007_rename_caption_to_caption_text"}}, {"pk": 120, "model": "south.migrationhistory", "fields": {"applied": "2014-06-10T12:58:38.466Z", "app_name": "cmsplugin_filer_image", "migration": "0008_auto__add_field_filerimage_file_link"}}, {"pk": 121, "model": "south.migrationhistory", "fields": {"applied": "2014-06-10T12:58:38.593Z", "app_name": "cmsplugin_filer_image", "migration": "0009_auto__add_field_filerimage_use_original_image"}}, {"pk": 122, "model": "south.migrationhistory", "fields": {"applied": "2014-06-10T12:58:38.701Z", "app_name": "cmsplugin_filer_image", "migration": "0010_auto__add_field_filerimage_target_blank"}}, {"pk": 123, "model": "south.migrationhistory", "fields": {"applied": "2014-06-10T12:58:38.862Z", "app_name": "cmsplugin_filer_teaser", "migration": "0001_initial"}}, {"pk": 124, "model": "south.migrationhistory", "fields": {"applied": "2014-06-10T12:58:38.969Z", "app_name": "cmsplugin_filer_teaser", "migration": "0002_add_teaser_style_choice"}}, {"pk": 125, "model": "south.migrationhistory", "fields": {"applied": "2014-06-10T12:58:39.086Z", "app_name": "cmsplugin_filer_teaser", "migration": "0003_target_blank"}}, {"pk": 126, "model": "south.migrationhistory", "fields": {"applied": "2014-06-10T12:58:39.203Z", "app_name": "cmsplugin_filer_teaser", "migration": "0004_add_optional_external_image_url"}}, {"pk": 127, "model": "south.migrationhistory", "fields": {"applied": "2014-06-10T12:58:39.311Z", "app_name": "cmsplugin_filer_teaser", "migration": "0004_auto__chg_field_filerteaser_title"}}, {"pk": 128, "model": "south.migrationhistory", "fields": {"applied": "2014-06-10T12:58:39.429Z", "app_name": "cmsplugin_filer_teaser", "migration": "0005_auto__add_field_filerteaser_external_image"}}, {"pk": 129, "model": "south.migrationhistory", "fields": {"applied": "2014-06-10T12:58:39.546Z", "app_name": "cmsplugin_filer_teaser", "migration": "0006_fix_migration_mess"}}, {"pk": 130, "model": "south.migrationhistory", "fields": {"applied": "2014-06-10T12:58:39.704Z", "app_name": "cmsplugin_filer_video", "migration": "0001_initial"}}, {"pk": 131, "model": "south.migrationhistory", "fields": {"applied": "2014-06-10T12:58:39.870Z", "app_name": "cmsplugin_carousel", "migration": "0001_initial"}}, {"pk": 1, "model": "easy_thumbnails.source", "fields": {"name": "filer_public/bc/92/bc92c23f-fdba-4a3e-88a1-631a8a48d321/image1.jpg", "storage_hash": "f9bde26a1556cd667f742bd34ec7c55e", "modified": "2014-06-10T12:59:34.750Z"}}, {"pk": 2, "model": "easy_thumbnails.source", "fields": {"name": "filer_public/55/34/55346a06-b44a-4e80-86dc-5fd0ddc246e3/image2.jpg", "storage_hash": "f9bde26a1556cd667f742bd34ec7c55e", "modified": "2014-06-10T13:02:02.075Z"}}, {"pk": 3, "model": "easy_thumbnails.source", "fields": {"name": "filer_public/64/24/64247f66-d283-46ba-aba3-b9f2d60a1bfe/image3.jpg", "storage_hash": "f9bde26a1556cd667f742bd34ec7c55e", "modified": "2014-06-10T12:59:35.748Z"}}, {"pk": 1, "model": "easy_thumbnails.thumbnail", "fields": {"source": 2, "name": "filer_public_thumbnails/filer_public/55/34/55346a06-b44a-4e80-86dc-5fd0ddc246e3/image2.jpg__32x32_q85_crop_subsampling-2_upscale.jpg", "storage_hash": "f9bde26a1556cd667f742bd34ec7c55e", "modified": "2014-06-10T12:59:35.799Z"}}, {"pk": 2, "model": "easy_thumbnails.thumbnail", "fields": {"source": 2, "name": "filer_public_thumbnails/filer_public/55/34/55346a06-b44a-4e80-86dc-5fd0ddc246e3/image2.jpg__64x64_q85_crop_subsampling-2_upscale.jpg", "storage_hash": "f9bde26a1556cd667f742bd34ec7c55e", "modified": "2014-06-10T12:59:36.041Z"}}, {"pk": 3, "model": "easy_thumbnails.thumbnail", "fields": {"source": 3, "name": "filer_public_thumbnails/filer_public/64/24/64247f66-d283-46ba-aba3-b9f2d60a1bfe/image3.jpg__32x32_q85_crop_subsampling-2_upscale.jpg", "storage_hash": "f9bde26a1556cd667f742bd34ec7c55e", "modified": "2014-06-10T12:59:36.292Z"}}, {"pk": 4, "model": "easy_thumbnails.thumbnail", "fields": {"source": 2, "name": "filer_public_thumbnails/filer_public/55/34/55346a06-b44a-4e80-86dc-5fd0ddc246e3/image2.jpg__48x48_q85_crop_subsampling-2_upscale.jpg", "storage_hash": "f9bde26a1556cd667f742bd34ec7c55e", "modified": "2014-06-10T12:59:36.278Z"}}, {"pk": 5, "model": "easy_thumbnails.thumbnail", "fields": {"source": 3, "name": "filer_public_thumbnails/filer_public/64/24/64247f66-d283-46ba-aba3-b9f2d60a1bfe/image3.jpg__64x64_q85_crop_subsampling-2_upscale.jpg", "storage_hash": "f9bde26a1556cd667f742bd34ec7c55e", "modified": "2014-06-10T12:59:36.537Z"}}, {"pk": 6, "model": "easy_thumbnails.thumbnail", "fields": {"source": 2, "name": "filer_public_thumbnails/filer_public/55/34/55346a06-b44a-4e80-86dc-5fd0ddc246e3/image2.jpg__16x16_q85_crop_subsampling-2_upscale.jpg", "storage_hash": "f9bde26a1556cd667f742bd34ec7c55e", "modified": "2014-06-10T12:59:36.654Z"}}, {"pk": 7, "model": "easy_thumbnails.thumbnail", "fields": {"source": 3, "name": "filer_public_thumbnails/filer_public/64/24/64247f66-d283-46ba-aba3-b9f2d60a1bfe/image3.jpg__48x48_q85_crop_subsampling-2_upscale.jpg", "storage_hash": "f9bde26a1556cd667f742bd34ec7c55e", "modified": "2014-06-10T12:59:36.824Z"}}, {"pk": 8, "model": "easy_thumbnails.thumbnail", "fields": {"source": 1, "name": "filer_public_thumbnails/filer_public/bc/92/bc92c23f-fdba-4a3e-88a1-631a8a48d321/image1.jpg__32x32_q85_crop_subsampling-2_upscale.jpg", "storage_hash": "f9bde26a1556cd667f742bd34ec7c55e", "modified": "2014-06-10T12:59:36.050Z"}}, {"pk": 9, "model": "easy_thumbnails.thumbnail", "fields": {"source": 3, "name": "filer_public_thumbnails/filer_public/64/24/64247f66-d283-46ba-aba3-b9f2d60a1bfe/image3.jpg__16x16_q85_crop_subsampling-2_upscale.jpg", "storage_hash": "f9bde26a1556cd667f742bd34ec7c55e", "modified": "2014-06-10T12:59:37.116Z"}}, {"pk": 10, "model": "easy_thumbnails.thumbnail", "fields": {"source": 1, "name": "filer_public_thumbnails/filer_public/bc/92/bc92c23f-fdba-4a3e-88a1-631a8a48d321/image1.jpg__64x64_q85_crop_subsampling-2_upscale.jpg", "storage_hash": "f9bde26a1556cd667f742bd34ec7c55e", "modified": "2014-06-10T12:59:37.341Z"}}, {"pk": 11, "model": "easy_thumbnails.thumbnail", "fields": {"source": 1, "name": "filer_public_thumbnails/filer_public/bc/92/bc92c23f-fdba-4a3e-88a1-631a8a48d321/image1.jpg__48x48_q85_crop_subsampling-2_upscale.jpg", "storage_hash": "f9bde26a1556cd667f742bd34ec7c55e", "modified": "2014-06-10T12:59:37.620Z"}}, {"pk": 12, "model": "easy_thumbnails.thumbnail", "fields": {"source": 1, "name": "filer_public_thumbnails/filer_public/bc/92/bc92c23f-fdba-4a3e-88a1-631a8a48d321/image1.jpg__16x16_q85_crop_subsampling-2_upscale.jpg", "storage_hash": "f9bde26a1556cd667f742bd34ec7c55e", "modified": "2014-06-10T12:59:37.841Z"}}, {"pk": 13, "model": "easy_thumbnails.thumbnail", "fields": {"source": 2, "name": "filer_public_thumbnails/filer_public/55/34/55346a06-b44a-4e80-86dc-5fd0ddc246e3/image2.jpg__210x10000_q85_subsampling-2.jpg", "storage_hash": "f9bde26a1556cd667f742bd34ec7c55e", "modified": "2014-06-10T13:02:02.205Z"}}, {"pk": 1, "model": "filer.clipboarditem", "fields": {"clipboard": 1, "file": 1}}, {"pk": 2, "model": "filer.clipboarditem", "fields": {"clipboard": 1, "file": 2}}, {"pk": 3, "model": "filer.clipboarditem", "fields": {"clipboard": 1, "file": 3}}, {"pk": 1, "model": "cmsplugin_carousel.carouselplugin", "fields": {"interval": 3, "title": "Main Page Carousel"}}, {"pk": 2, "model": "cmsplugin_carousel.carouselplugin", "fields": {"interval": 3, "title": "Main Page Carousel"}}, {"pk": 1, "model": "cmsplugin_carousel.carouselpicture", "fields": {"open_in_tab": true, "plugin": 1, "url": "http://www.magicsolutions.bg/", "text": "<b>First slide here</b><br/>\r\nIf you click on the image you will go to<br/>\r\n<code>http://www.magicsolutions.bg/</code>", "image": 1, "alt_tag": "First slide", "page": null, "order": 1}}, {"pk": 2, "model": "cmsplugin_carousel.carouselpicture", "fields": {"open_in_tab": true, "plugin": 1, "url": "http://evenifurlhere.com", "text": "<h1>Second slide</h1><br/>\r\nIf you click on the image you will go to inner page for the site<br/>\r\n<code>which is not valid as of now</code>", "image": 2, "alt_tag": "Second slide", "page": 1, "order": 2}}, {"pk": 3, "model": "cmsplugin_carousel.carouselpicture", "fields": {"open_in_tab": true, "plugin": 1, "url": "", "text": "No url here<br/>\r\n<code>clicky click.. I don't care</code>", "image": 3, "alt_tag": "Third slide", "page": null, "order": 3}}, {"pk": 4, "model": "cmsplugin_carousel.carouselpicture", "fields": {"open_in_tab": true, "plugin": 2, "url": "http://www.magicsolutions.bg/", "text": "<b>First slide here</b><br/>\r\nIf you click on the image you will go to<br/>\r\n<code>http://www.magicsolutions.bg/</code>", "image": 1, "alt_tag": "First slide", "page": null, "order": 4}}, {"pk": 5, "model": "cmsplugin_carousel.carouselpicture", "fields": {"open_in_tab": true, "plugin": 2, "url": "http://evenifurlhere.com", "text": "<h1>Second slide</h1><br/>\r\nIf you click on the image you will go to inner page for the site<br/>\r\n<code>which is not valid as of now</code>", "image": 2, "alt_tag": "Second slide", "page": 1, "order": 5}}, {"pk": 6, "model": "cmsplugin_carousel.carouselpicture", "fields": {"open_in_tab": true, "plugin": 2, "url": "", "text": "No url here<br/>\r\n<code>clicky click.. I don't care</code>", "image": 3, "alt_tag": "Third slide", "page": null, "order": 6}}, {"pk": 1, "model": "auth.permission", "fields": {"codename": "add_logentry", "name": "Can add log entry", "content_type": 1}}, {"pk": 2, "model": "auth.permission", "fields": {"codename": "change_logentry", "name": "Can change log entry", "content_type": 1}}, {"pk": 3, "model": "auth.permission", "fields": {"codename": "delete_logentry", "name": "Can delete log entry", "content_type": 1}}, {"pk": 4, "model": "auth.permission", "fields": {"codename": "add_site", "name": "Can add site", "content_type": 2}}, {"pk": 5, "model": "auth.permission", "fields": {"codename": "change_site", "name": "Can change site", "content_type": 2}}, {"pk": 6, "model": "auth.permission", "fields": {"codename": "delete_site", "name": "Can delete site", "content_type": 2}}, {"pk": 7, "model": "auth.permission", "fields": {"codename": "add_permission", "name": "Can add permission", "content_type": 3}}, {"pk": 8, "model": "auth.permission", "fields": {"codename": "change_permission", "name": "Can change permission", "content_type": 3}}, {"pk": 9, "model": "auth.permission", "fields": {"codename": "delete_permission", "name": "Can delete permission", "content_type": 3}}, {"pk": 10, "model": "auth.permission", "fields": {"codename": "add_group", "name": "Can add group", "content_type": 4}}, {"pk": 11, "model": "auth.permission", "fields": {"codename": "change_group", "name": "Can change group", "content_type": 4}}, {"pk": 12, "model": "auth.permission", "fields": {"codename": "delete_group", "name": "Can delete group", "content_type": 4}}, {"pk": 13, "model": "auth.permission", "fields": {"codename": "add_user", "name": "Can add user", "content_type": 5}}, {"pk": 14, "model": "auth.permission", "fields": {"codename": "change_user", "name": "Can change user", "content_type": 5}}, {"pk": 15, "model": "auth.permission", "fields": {"codename": "delete_user", "name": "Can delete user", "content_type": 5}}, {"pk": 16, "model": "auth.permission", "fields": {"codename": "add_contenttype", "name": "Can add content type", "content_type": 6}}, {"pk": 17, "model": "auth.permission", "fields": {"codename": "change_contenttype", "name": "Can change content type", "content_type": 6}}, {"pk": 18, "model": "auth.permission", "fields": {"codename": "delete_contenttype", "name": "Can delete content type", "content_type": 6}}, {"pk": 19, "model": "auth.permission", "fields": {"codename": "add_session", "name": "Can add session", "content_type": 7}}, {"pk": 20, "model": "auth.permission", "fields": {"codename": "change_session", "name": "Can change session", "content_type": 7}}, {"pk": 21, "model": "auth.permission", "fields": {"codename": "delete_session", "name": "Can delete session", "content_type": 7}}, {"pk": 22, "model": "auth.permission", "fields": {"codename": "add_placeholder", "name": "Can add placeholder", "content_type": 8}}, {"pk": 23, "model": "auth.permission", "fields": {"codename": "change_placeholder", "name": "Can change placeholder", "content_type": 8}}, {"pk": 24, "model": "auth.permission", "fields": {"codename": "delete_placeholder", "name": "Can delete placeholder", "content_type": 8}}, {"pk": 25, "model": "auth.permission", "fields": {"codename": "add_cmsplugin", "name": "Can add cms plugin", "content_type": 9}}, {"pk": 26, "model": "auth.permission", "fields": {"codename": "change_cmsplugin", "name": "Can change cms plugin", "content_type": 9}}, {"pk": 27, "model": "auth.permission", "fields": {"codename": "delete_cmsplugin", "name": "Can delete cms plugin", "content_type": 9}}, {"pk": 28, "model": "auth.permission", "fields": {"codename": "add_page", "name": "Can add page", "content_type": 10}}, {"pk": 29, "model": "auth.permission", "fields": {"codename": "change_page", "name": "Can change page", "content_type": 10}}, {"pk": 30, "model": "auth.permission", "fields": {"codename": "delete_page", "name": "Can delete page", "content_type": 10}}, {"pk": 31, "model": "auth.permission", "fields": {"codename": "view_page", "name": "Can view page", "content_type": 10}}, {"pk": 32, "model": "auth.permission", "fields": {"codename": "publish_page", "name": "Can publish page", "content_type": 10}}, {"pk": 33, "model": "auth.permission", "fields": {"codename": "add_pagemoderatorstate", "name": "Can add Page moderator state", "content_type": 11}}, {"pk": 34, "model": "auth.permission", "fields": {"codename": "change_pagemoderatorstate", "name": "Can change Page moderator state", "content_type": 11}}, {"pk": 35, "model": "auth.permission", "fields": {"codename": "delete_pagemoderatorstate", "name": "Can delete Page moderator state", "content_type": 11}}, {"pk": 36, "model": "auth.permission", "fields": {"codename": "add_globalpagepermission", "name": "Can add Page global permission", "content_type": 12}}, {"pk": 37, "model": "auth.permission", "fields": {"codename": "change_globalpagepermission", "name": "Can change Page global permission", "content_type": 12}}, {"pk": 38, "model": "auth.permission", "fields": {"codename": "delete_globalpagepermission", "name": "Can delete Page global permission", "content_type": 12}}, {"pk": 39, "model": "auth.permission", "fields": {"codename": "add_pagepermission", "name": "Can add Page permission", "content_type": 13}}, {"pk": 40, "model": "auth.permission", "fields": {"codename": "change_pagepermission", "name": "Can change Page permission", "content_type": 13}}, {"pk": 41, "model": "auth.permission", "fields": {"codename": "delete_pagepermission", "name": "Can delete Page permission", "content_type": 13}}, {"pk": 42, "model": "auth.permission", "fields": {"codename": "add_pageuser", "name": "Can add User (page)", "content_type": 14}}, {"pk": 43, "model": "auth.permission", "fields": {"codename": "change_pageuser", "name": "Can change User (page)", "content_type": 14}}, {"pk": 44, "model": "auth.permission", "fields": {"codename": "delete_pageuser", "name": "Can delete User (page)", "content_type": 14}}, {"pk": 45, "model": "auth.permission", "fields": {"codename": "add_pageusergroup", "name": "Can add User group (page)", "content_type": 15}}, {"pk": 46, "model": "auth.permission", "fields": {"codename": "change_pageusergroup", "name": "Can change User group (page)", "content_type": 15}}, {"pk": 47, "model": "auth.permission", "fields": {"codename": "delete_pageusergroup", "name": "Can delete User group (page)", "content_type": 15}}, {"pk": 48, "model": "auth.permission", "fields": {"codename": "add_title", "name": "Can add title", "content_type": 16}}, {"pk": 49, "model": "auth.permission", "fields": {"codename": "change_title", "name": "Can change title", "content_type": 16}}, {"pk": 50, "model": "auth.permission", "fields": {"codename": "delete_title", "name": "Can delete title", "content_type": 16}}, {"pk": 51, "model": "auth.permission", "fields": {"codename": "add_cachekey", "name": "Can add cache key", "content_type": 17}}, {"pk": 52, "model": "auth.permission", "fields": {"codename": "change_cachekey", "name": "Can change cache key", "content_type": 17}}, {"pk": 53, "model": "auth.permission", "fields": {"codename": "delete_cachekey", "name": "Can delete cache key", "content_type": 17}}, {"pk": 54, "model": "auth.permission", "fields": {"codename": "add_migrationhistory", "name": "Can add migration history", "content_type": 18}}, {"pk": 55, "model": "auth.permission", "fields": {"codename": "change_migrationhistory", "name": "Can change migration history", "content_type": 18}}, {"pk": 56, "model": "auth.permission", "fields": {"codename": "delete_migrationhistory", "name": "Can delete migration history", "content_type": 18}}, {"pk": 57, "model": "auth.permission", "fields": {"codename": "add_source", "name": "Can add source", "content_type": 19}}, {"pk": 58, "model": "auth.permission", "fields": {"codename": "change_source", "name": "Can change source", "content_type": 19}}, {"pk": 59, "model": "auth.permission", "fields": {"codename": "delete_source", "name": "Can delete source", "content_type": 19}}, {"pk": 60, "model": "auth.permission", "fields": {"codename": "add_thumbnail", "name": "Can add thumbnail", "content_type": 20}}, {"pk": 61, "model": "auth.permission", "fields": {"codename": "change_thumbnail", "name": "Can change thumbnail", "content_type": 20}}, {"pk": 62, "model": "auth.permission", "fields": {"codename": "delete_thumbnail", "name": "Can delete thumbnail", "content_type": 20}}, {"pk": 63, "model": "auth.permission", "fields": {"codename": "add_thumbnaildimensions", "name": "Can add thumbnail dimensions", "content_type": 21}}, {"pk": 64, "model": "auth.permission", "fields": {"codename": "change_thumbnaildimensions", "name": "Can change thumbnail dimensions", "content_type": 21}}, {"pk": 65, "model": "auth.permission", "fields": {"codename": "delete_thumbnaildimensions", "name": "Can delete thumbnail dimensions", "content_type": 21}}, {"pk": 66, "model": "auth.permission", "fields": {"codename": "add_flash", "name": "Can add flash", "content_type": 22}}, {"pk": 67, "model": "auth.permission", "fields": {"codename": "change_flash", "name": "Can change flash", "content_type": 22}}, {"pk": 68, "model": "auth.permission", "fields": {"codename": "delete_flash", "name": "Can delete flash", "content_type": 22}}, {"pk": 69, "model": "auth.permission", "fields": {"codename": "add_googlemap", "name": "Can add google map", "content_type": 23}}, {"pk": 70, "model": "auth.permission", "fields": {"codename": "change_googlemap", "name": "Can change google map", "content_type": 23}}, {"pk": 71, "model": "auth.permission", "fields": {"codename": "delete_googlemap", "name": "Can delete google map", "content_type": 23}}, {"pk": 72, "model": "auth.permission", "fields": {"codename": "add_link", "name": "Can add link", "content_type": 24}}, {"pk": 73, "model": "auth.permission", "fields": {"codename": "change_link", "name": "Can change link", "content_type": 24}}, {"pk": 74, "model": "auth.permission", "fields": {"codename": "delete_link", "name": "Can delete link", "content_type": 24}}, {"pk": 75, "model": "auth.permission", "fields": {"codename": "add_snippet", "name": "Can add Snippet", "content_type": 25}}, {"pk": 76, "model": "auth.permission", "fields": {"codename": "change_snippet", "name": "Can change Snippet", "content_type": 25}}, {"pk": 77, "model": "auth.permission", "fields": {"codename": "delete_snippet", "name": "Can delete Snippet", "content_type": 25}}, {"pk": 78, "model": "auth.permission", "fields": {"codename": "add_snippetptr", "name": "Can add Snippet", "content_type": 26}}, {"pk": 79, "model": "auth.permission", "fields": {"codename": "change_snippetptr", "name": "Can change Snippet", "content_type": 26}}, {"pk": 80, "model": "auth.permission", "fields": {"codename": "delete_snippetptr", "name": "Can delete Snippet", "content_type": 26}}, {"pk": 81, "model": "auth.permission", "fields": {"codename": "add_text", "name": "Can add text", "content_type": 27}}, {"pk": 82, "model": "auth.permission", "fields": {"codename": "change_text", "name": "Can change text", "content_type": 27}}, {"pk": 83, "model": "auth.permission", "fields": {"codename": "delete_text", "name": "Can delete text", "content_type": 27}}, {"pk": 84, "model": "auth.permission", "fields": {"codename": "add_twitterrecententries", "name": "Can add twitter recent entries", "content_type": 28}}, {"pk": 85, "model": "auth.permission", "fields": {"codename": "change_twitterrecententries", "name": "Can change twitter recent entries", "content_type": 28}}, {"pk": 86, "model": "auth.permission", "fields": {"codename": "delete_twitterrecententries", "name": "Can delete twitter recent entries", "content_type": 28}}, {"pk": 87, "model": "auth.permission", "fields": {"codename": "add_twittersearch", "name": "Can add twitter search", "content_type": 29}}, {"pk": 88, "model": "auth.permission", "fields": {"codename": "change_twittersearch", "name": "Can change twitter search", "content_type": 29}}, {"pk": 89, "model": "auth.permission", "fields": {"codename": "delete_twittersearch", "name": "Can delete twitter search", "content_type": 29}}, {"pk": 90, "model": "auth.permission", "fields": {"codename": "add_folder", "name": "Can add Folder", "content_type": 30}}, {"pk": 91, "model": "auth.permission", "fields": {"codename": "change_folder", "name": "Can change Folder", "content_type": 30}}, {"pk": 92, "model": "auth.permission", "fields": {"codename": "delete_folder", "name": "Can delete Folder", "content_type": 30}}, {"pk": 93, "model": "auth.permission", "fields": {"codename": "can_use_directory_listing", "name": "Can use directory listing", "content_type": 30}}, {"pk": 94, "model": "auth.permission", "fields": {"codename": "add_folderpermission", "name": "Can add folder permission", "content_type": 31}}, {"pk": 95, "model": "auth.permission", "fields": {"codename": "change_folderpermission", "name": "Can change folder permission", "content_type": 31}}, {"pk": 96, "model": "auth.permission", "fields": {"codename": "delete_folderpermission", "name": "Can delete folder permission", "content_type": 31}}, {"pk": 97, "model": "auth.permission", "fields": {"codename": "add_file", "name": "Can add file", "content_type": 32}}, {"pk": 98, "model": "auth.permission", "fields": {"codename": "change_file", "name": "Can change file", "content_type": 32}}, {"pk": 99, "model": "auth.permission", "fields": {"codename": "delete_file", "name": "Can delete file", "content_type": 32}}, {"pk": 100, "model": "auth.permission", "fields": {"codename": "add_clipboard", "name": "Can add clipboard", "content_type": 33}}, {"pk": 101, "model": "auth.permission", "fields": {"codename": "change_clipboard", "name": "Can change clipboard", "content_type": 33}}, {"pk": 102, "model": "auth.permission", "fields": {"codename": "delete_clipboard", "name": "Can delete clipboard", "content_type": 33}}, {"pk": 103, "model": "auth.permission", "fields": {"codename": "add_clipboarditem", "name": "Can add clipboard item", "content_type": 34}}, {"pk": 104, "model": "auth.permission", "fields": {"codename": "change_clipboarditem", "name": "Can change clipboard item", "content_type": 34}}, {"pk": 105, "model": "auth.permission", "fields": {"codename": "delete_clipboarditem", "name": "Can delete clipboard item", "content_type": 34}}, {"pk": 106, "model": "auth.permission", "fields": {"codename": "add_image", "name": "Can add image", "content_type": 35}}, {"pk": 107, "model": "auth.permission", "fields": {"codename": "change_image", "name": "Can change image", "content_type": 35}}, {"pk": 108, "model": "auth.permission", "fields": {"codename": "delete_image", "name": "Can delete image", "content_type": 35}}, {"pk": 109, "model": "auth.permission", "fields": {"codename": "add_filerfile", "name": "Can add filer file", "content_type": 36}}, {"pk": 110, "model": "auth.permission", "fields": {"codename": "change_filerfile", "name": "Can change filer file", "content_type": 36}}, {"pk": 111, "model": "auth.permission", "fields": {"codename": "delete_filerfile", "name": "Can delete filer file", "content_type": 36}}, {"pk": 112, "model": "auth.permission", "fields": {"codename": "add_filerfolder", "name": "Can add filer folder", "content_type": 37}}, {"pk": 113, "model": "auth.permission", "fields": {"codename": "change_filerfolder", "name": "Can change filer folder", "content_type": 37}}, {"pk": 114, "model": "auth.permission", "fields": {"codename": "delete_filerfolder", "name": "Can delete filer folder", "content_type": 37}}, {"pk": 115, "model": "auth.permission", "fields": {"codename": "add_filerimage", "name": "Can add filer image", "content_type": 38}}, {"pk": 116, "model": "auth.permission", "fields": {"codename": "change_filerimage", "name": "Can change filer image", "content_type": 38}}, {"pk": 117, "model": "auth.permission", "fields": {"codename": "delete_filerimage", "name": "Can delete filer image", "content_type": 38}}, {"pk": 118, "model": "auth.permission", "fields": {"codename": "add_thumbnailoption", "name": "Can add thumbnail option", "content_type": 39}}, {"pk": 119, "model": "auth.permission", "fields": {"codename": "change_thumbnailoption", "name": "Can change thumbnail option", "content_type": 39}}, {"pk": 120, "model": "auth.permission", "fields": {"codename": "delete_thumbnailoption", "name": "Can delete thumbnail option", "content_type": 39}}, {"pk": 121, "model": "auth.permission", "fields": {"codename": "add_filerteaser", "name": "Can add filer teaser", "content_type": 40}}, {"pk": 122, "model": "auth.permission", "fields": {"codename": "change_filerteaser", "name": "Can change filer teaser", "content_type": 40}}, {"pk": 123, "model": "auth.permission", "fields": {"codename": "delete_filerteaser", "name": "Can delete filer teaser", "content_type": 40}}, {"pk": 124, "model": "auth.permission", "fields": {"codename": "add_filervideo", "name": "Can add filer video", "content_type": 41}}, {"pk": 125, "model": "auth.permission", "fields": {"codename": "change_filervideo", "name": "Can change filer video", "content_type": 41}}, {"pk": 126, "model": "auth.permission", "fields": {"codename": "delete_filervideo", "name": "Can delete filer video", "content_type": 41}}, {"pk": 127, "model": "auth.permission", "fields": {"codename": "add_carouselplugin", "name": "Can add carousel plugin", "content_type": 42}}, {"pk": 128, "model": "auth.permission", "fields": {"codename": "change_carouselplugin", "name": "Can change carousel plugin", "content_type": 42}}, {"pk": 129, "model": "auth.permission", "fields": {"codename": "delete_carouselplugin", "name": "Can delete carousel plugin", "content_type": 42}}, {"pk": 130, "model": "auth.permission", "fields": {"codename": "add_carouselpicture", "name": "Can add carousel picture", "content_type": 43}}, {"pk": 131, "model": "auth.permission", "fields": {"codename": "change_carouselpicture", "name": "Can change carousel picture", "content_type": 43}}, {"pk": 132, "model": "auth.permission", "fields": {"codename": "delete_carouselpicture", "name": "Can delete carousel picture", "content_type": 43}}, {"pk": 1, "model": "auth.user", "fields": {"username": "admin", "first_name": "", "last_name": "", "is_active": true, "is_superuser": true, "is_staff": true, "last_login": "2014-06-10T12:58:53.107Z", "groups": [], "user_permissions": [], "password": "pbkdf2_sha256$10000$kmEG0khJ6fBK$UBJI5Nx2tSvgrPPFz6iA3Arq91vxEJ/OVrEkmS9HTG0=", "email": "admin@example.com", "date_joined": "2014-06-10T12:57:29.346Z"}}, {"pk": 1, "model": "filer.file", "fields": {"sha1": "be33a5efad5268529abbdcd5008312406a1146d2", "original_filename": "image1.jpg", "name": "", "description": null, "modified_at": "2014-06-10T12:59:34.183Z", "_file_size": 177179, "uploaded_at": "2014-06-10T12:59:34.183Z", "file": "filer_public/bc/92/bc92c23f-fdba-4a3e-88a1-631a8a48d321/image1.jpg", "owner": 1, "is_public": true, "folder": null, "has_all_mandatory_data": false, "polymorphic_ctype": 35}}, {"pk": 2, "model": "filer.file", "fields": {"sha1": "5edc62d83496635d774f27876a6633feb9c88567", "original_filename": "image2.jpg", "name": "", "description": "", "modified_at": "2014-06-10T13:02:05.088Z", "_file_size": 172452, "uploaded_at": "2014-06-10T12:59:34.778Z", "file": "filer_public/55/34/55346a06-b44a-4e80-86dc-5fd0ddc246e3/image2.jpg", "owner": 1, "is_public": true, "folder": null, "has_all_mandatory_data": false, "polymorphic_ctype": 35}}, {"pk": 3, "model": "filer.file", "fields": {"sha1": "87e96385ee0d82351f2f5cec47551db05d2590e7", "original_filename": "image3.jpg", "name": "", "description": null, "modified_at": "2014-06-10T12:59:35.281Z", "_file_size": 182877, "uploaded_at": "2014-06-10T12:59:35.281Z", "file": "filer_public/64/24/64247f66-d283-46ba-aba3-b9f2d60a1bfe/image3.jpg", "owner": 1, "is_public": true, "folder": null, "has_all_mandatory_data": false, "polymorphic_ctype": 35}}, {"pk": 1, "model": "filer.clipboard", "fields": {"user": 1}}, {"pk": 1, "model": "filer.image", "fields": {"subject_location": null, "must_always_publish_copyright": false, "date_taken": "2014-06-10T12:59:33.939Z", "author": null, "_height": 768, "_width": 1366, "must_always_publish_author_credit": false, "default_alt_text": null, "default_caption": null}}, {"pk": 2, "model": "filer.image", "fields": {"subject_location": "", "must_always_publish_copyright": false, "date_taken": "2014-06-10T12:59:33.984Z", "author": null, "_height": 768, "_width": 1366, "must_always_publish_author_credit": false, "default_alt_text": "", "default_caption": ""}}, {"pk": 3, "model": "filer.image", "fields": {"subject_location": null, "must_always_publish_copyright": false, "date_taken": "2014-06-10T12:59:33.983Z", "author": null, "_height": 768, "_width": 1366, "must_always_publish_author_credit": false, "default_alt_text": null, "default_caption": null}}, {"pk": 1, "model": "admin.logentry", "fields": {"action_flag": 1, "action_time": "2014-06-10T12:59:08.668Z", "object_repr": "Carousel example", "object_id": "1", "change_message": "", "user": 1, "content_type": 10}}, {"pk": 2, "model": "admin.logentry", "fields": {"action_flag": 2, "action_time": "2014-06-10T13:02:05.093Z", "object_repr": "image2.jpg", "object_id": "2", "change_message": "No fields changed.", "user": 1, "content_type": 35}}, {"pk": 3, "model": "admin.logentry", "fields": {"action_flag": 3, "action_time": "2014-06-10T13:03:35.021Z", "object_repr": "image3.jpg", "object_id": "4", "change_message": "", "user": 1, "content_type": 32}}]